,logistic_regression,random_forest
A549R5R1_processed,0.38598529,
A549R6R1_processed,0.374899836,
Hct116R3R1_processed,0.366706817,
Hct116R3R4_processed,0.381117288,
Hct116R4R3_processed,0.387245181,
HepG2R5R2_processed,0.349839868,
HepG2R6R1_processed,0.386588996,
K562R4R1_processed,0.368567861,
K562R5R1_processed,0.373668479,
K562R6R1_processed,0.381534412,
MCF7R3R1_processed,0.362328012,
MCF7R4R1_processed,0.361482823,